<?xml version="1.0" encoding="UTF-8"?>
<GenRun Id="clk50Mhz_synth_1" LaunchPart="xc7a100tcsg324-1" LaunchTime="1667222205">
  <File Type="PA-TCL" Name="clk50Mhz.tcl"/>
  <File Type="REPORTS-TCL" Name="clk50Mhz_reports.tcl"/>
  <File Type="RDS-RDS" Name="clk50Mhz.vds"/>
  <File Type="RDS-UTIL" Name="clk50Mhz_utilization_synth.rpt"/>
  <File Type="RDS-UTIL-PB" Name="clk50Mhz_utilization_synth.pb"/>
  <File Type="RDS-DCP" Name="clk50Mhz.dcp"/>
  <FileSet Name="sources" Type="BlockSrcs" RelSrcDir="$PSRCDIR/clk50Mhz">
    <File Path="$PSRCDIR/sources_1/ip/clk50Mhz/clk50Mhz.xci">
      <FileInfo>
        <Attr Name="UsedIn" Val="synthesis"/>
        <Attr Name="UsedIn" Val="implementation"/>
        <Attr Name="UsedIn" Val="simulation"/>
      </FileInfo>
    </File>
    <Config>
      <Option Name="TopModule" Val="clk50Mhz"/>
      <Option Name="UseBlackboxStub" Val="1"/>
    </Config>
  </FileSet>
  <FileSet Name="constrs_in" Type="BlockSrcs" RelSrcDir="$PSRCDIR/clk50Mhz">
    <File Path="$PSRCDIR/sources_1/ip/clk50Mhz/clk50Mhz.xci">
      <FileInfo>
        <Attr Name="UsedIn" Val="synthesis"/>
        <Attr Name="UsedIn" Val="implementation"/>
        <Attr Name="UsedIn" Val="simulation"/>
      </FileInfo>
    </File>
    <Config>
      <Option Name="TopModule" Val="clk50Mhz"/>
      <Option Name="UseBlackboxStub" Val="1"/>
    </Config>
  </FileSet>
  <FileSet Name="utils" Type="Utils" RelSrcDir="$PSRCDIR/utils_1">
    <Filter Type="Utils"/>
    <Config>
      <Option Name="TopAutoSet" Val="TRUE"/>
    </Config>
  </FileSet>
  <Strategy Version="1" Minor="2">
    <StratHandle Name="Vivado Synthesis Defaults" Flow="Vivado Synthesis 2019"/>
    <Step Id="synth_design"/>
  </Strategy>
</GenRun>
