<?xml version="1.0" encoding="UTF-8"?>
<GenRun Id="synth_1" LaunchPart="xc7a100tcsg324-1" LaunchTime="1667392872">
  <File Type="PA-TCL" Name="pong.tcl"/>
  <File Type="RDS-PROPCONSTRS" Name="pong_drc_synth.rpt"/>
  <File Type="REPORTS-TCL" Name="pong_reports.tcl"/>
  <File Type="RDS-RDS" Name="pong.vds"/>
  <File Type="RDS-UTIL" Name="pong_utilization_synth.rpt"/>
  <File Type="RDS-UTIL-PB" Name="pong_utilization_synth.pb"/>
  <File Type="RDS-DCP" Name="pong.dcp"/>
  <File Type="VDS-TIMINGSUMMARY" Name="pong_timing_summary_synth.rpt"/>
  <File Type="VDS-TIMING-PB" Name="pong_timing_summary_synth.pb"/>
  <FileSet Name="sources" Type="DesignSrcs" RelSrcDir="$PSRCDIR/sources_1">
    <Filter Type="Srcs"/>
    <File Path="$PSRCDIR/sources_1/new/OriginalPongNexyzA7.v">
      <FileInfo>
        <Attr Name="UsedIn" Val="synthesis"/>
        <Attr Name="UsedIn" Val="implementation"/>
        <Attr Name="UsedIn" Val="simulation"/>
      </FileInfo>
    </File>
    <Config>
      <Option Name="DesignMode" Val="RTL"/>
      <Option Name="TopModule" Val="pong"/>
      <Option Name="TopAutoSet" Val="TRUE"/>
    </Config>
  </FileSet>
  <FileSet Name="constrs_in" Type="Constrs" RelSrcDir="$PSRCDIR/PongGamePhase1fall2022_LJB_ICW">
    <File Path="$PSRCDIR/PongGamePhase1fall2022_LJB_ICW/new/PongGamePhase1fall2022_LJB_IWC.xdc">
      <FileInfo>
        <Attr Name="UsedIn" Val="synthesis"/>
        <Attr Name="UsedIn" Val="implementation"/>
      </FileInfo>
    </File>
    <Config>
      <Option Name="TargetConstrsFile" Val="$PSRCDIR/PongGamePhase1fall2022_LJB_ICW/new/PongGamePhase1fall2022_LJB_IWC.xdc"/>
      <Option Name="ConstrsType" Val="XDC"/>
    </Config>
  </FileSet>
  <FileSet Name="utils" Type="Utils" RelSrcDir="$PSRCDIR/utils_1">
    <Filter Type="Utils"/>
    <Config>
      <Option Name="TopAutoSet" Val="TRUE"/>
    </Config>
  </FileSet>
  <Strategy Version="1" Minor="2">
    <StratHandle Name="Vivado Synthesis Defaults" Flow="Vivado Synthesis 2019"/>
    <Step Id="synth_design"/>
  </Strategy>
  <BlockFileSet Type="BlockSrcs" Name="clk50Mhz"/>
</GenRun>
